title,price,rating
"Zacurate Pro Series 500DL Fingertip Pulse Oximeter Blood Oxygen Saturation Monitor with Silicon Cover, Batteries and Lanyard (Royal Black)",$22.75,4.7 out of 5 stars
Zacurate 500BL Fingertip Pulse Oximeter Blood Oxygen Saturation Monitor with Batteries and Lanyard Included (Navy Blue),$14.95,4.6 out of 5 stars
"Fingertip Pulse Oximeter, Blood Oxygen Saturation Monitor (SpO2) with Pulse Rate Measurements and Pulse Bar Graph, Portable Digital Reading LED Display, Batteries and Carry Case Included",$19.95,4.7 out of 5 stars
"CONTEC LED CMS50M Pulse Oximeter,SpO2 and PR Value Waveform Blood Oxygen, Neck/Wrist Cord",$9.21,4.5 out of 5 stars
Innovo Deluxe iP900AP Fingertip Pulse Oximeter with Plethysmograph and Perfusion Index (Off-White with Black),$34.99,4.7 out of 5 stars
"AccuMed CMS-50D1 Fingertip Pulse Oximeter Blood Oxygen Sensor SpO2 for Sports and Aviation. Portable and Lightweight with LED Display, 2 AAA Batteries, Lanyard and Travel Case (White)",$23.50,4.6 out of 5 stars
"Santamedical Dual Color OLED Pulse Oximeter Fingertip, Blood Oxygen Saturation Monitor (SpO2) with Case, Batteries and Lanyard",$16.95,4.6 out of 5 stars
"Metene Pulse Oximeter Fingertip, Blood Oxygen Saturation Monitor with Accurate Fast Spo2 Reading Oxygen Meter, Oxygen Monitor with Lanyard and Batteries (White)",$15.99,4.5 out of 5 stars
"iHealth No-Touch Forehead Thermometer, Digital Infrared Thermometer for Adults and Kids, Touchless Baby Thermometer, 3 Ultra-Sensitive Sensors, Large LED Digits, Quiet Vibration Feedback, Non Contact",$19.99,4.4 out of 5 stars
Roscoe Finger Pulse Oximeter Oxygen Monitor - Oxygen Saturation Monitor Fingertip - for Sport and Aviation Use,$14.49,4.5 out of 5 stars
"mibest OLED Finger Pulse Oximeter, O2 Meter, Dual Color White/Black",$21.95,4.7 out of 5 stars
"Forehead Thermometer, Baby and Adults Thermometer with Fever Alarm, LCD Display and Memory Function, Ideal for Whole Family",$16.99,4.6 out of 5 stars
"iHealth AIR Wireless Fingertip Pulse Oximeter for Blood Oxygen Saturation, Perfusion Index, and Pulse Rate. With Smartphone App for Plethysmograph and Perfusion Index. Rechargeable Built-in Battery",$59.99,4.4 out of 5 stars
"mibest OLED Finger Pulse Oximeter, O2 Meter, Dual Color White/Light Blue",$18.95,4.7 out of 5 stars
EMAY Bluetooth Pulse Oximeter Fingertip | Blood Oxygen Saturation & Heart Rate Monitor | Compatible with iOS & Android Smartphones,$19.99,4.4 out of 5 stars
"Pulse oximeter fingertip, Portable blood oxygen saturation monitor for heart rate and SpO2 level, O2 monitor finger for oxygen,Pulse Ox,Oxi Include carrying case,lanyard and batteries, Grey-White",$34.99,4.6 out of 5 stars
Zacurate Pro Series 500DL Fingertip Pulse Oximeter and Blood Oxygen Saturation Monitor (Blushing Pink),$22.95,4.7 out of 5 stars
"Pulse Oximeter Fingertip - Oxygen Meter Finger Pulse Oximeter - Blood Oxygen Saturation Monitor with Heart Rate and Fast Spo2 Reading, Pulse Ox with TFT Screen, Lanyard",$14.99,4.0 out of 5 stars
"EMAY Sleep Oxygen Saturation Monitor | Records Oxygen & Heart Rate Continuously | Provides Granular Data, Overnight Report and CSV File | Comes with iOS/Android App",$59.00,4.2 out of 5 stars
Autsmile Portable Rechargeable Oxygen Monitor and Pulse Rate Monitor for Children PR,$31.85,4.2 out of 5 stars
"Wellue Smart Pulse Oximeter for Adults and Infant, Handheld Oxygen Monitor for SpO2&HR&body temperature, Rotatable Touchscreen, Free APP&PC Software (checkmepro)",$189.99,4.3 out of 5 stars
"Wellue Children Pulse Oximeter Fingertrip, Blood Oxygen Saturation for Kids and Pulse Rate Monitor with Batteries, Lanyard (Blue Model FS20P)",$19.99,4.5 out of 5 stars
"FaceLake ?? FL400 Pulse Oximeter with Carrying Case, Batteries, Neck/Wrist Cord - Black",$14.95,4.6 out of 5 stars
"Wellue Sleep O2 Pulse Oximeter with Smart Alarm | Overnight Blood Oxygen Saturation Monitor for SpO2 and Heart Rate Tracking Continuously, Bluetooth Finger Ring with Free APP &PC Report",$219.99,3.9 out of 5 stars
"GadgetMarket Fingertip Oxygen Monitor, Pediatric SpO2 Blood Oxygen Saturation Monitor | Heart Rate Monitor | for 1-12 Years Old Children | Digital Auto Rotating OLED Screen with Rechargeable Battery",$34.90,4.0 out of 5 stars
Zacurate Pro Series 500DL Fingertip Pulse Oximeter and Oximeter Carrying Case Bundle,,4.7 out of 5 stars
CMI Health Rechargeable Pulse Oximeter - Continuous Infant Monitoring (Up to 25 lbs) & Adult Finger Spot-Checking - Adjustable Alarm for Pulse Rate and SpO2 Levels - Carry Case,$169.99,4.3 out of 5 stars
"Fingertip Pulse Oximeter- HOLFENRY Mini Oximeter Oxygen Saturation Monitor for SpO2/Heart Rate/PI, with Dedicated App, Compatible with iOS&Android, White",$13.99,4.4 out of 5 stars
LOOKEE Ring Overnight Pulse Oximeter with Alarm | Continuous Oximetry and Recording Blood Oxygen Saturation Monitor with Bluetooth App Report for Sleep and Activity use.,$159.99,4.1 out of 5 stars
Zacurate 500G Fingertip Pulse Oximeter Blood Oxygen Saturation Monitor with batteries and lanyard (Arctic Blue),$22.95,4.6 out of 5 stars
"OxiWizard Pulse Oximeter, Finger Pulse Oximeter and OLED Display, Pulse Oximeter Fingertip, Accurate Fast Sp02 Reading Oxygen Meter, Heart Rate Monitor for Adult Child with Lanyard and Batteries",$7.99,4.1 out of 5 stars
Deluxe SM-110 Two Way Display Finger Pulse Oximeter with Carry Case and Neck/Wrist Cord,$18.95,4.6 out of 5 stars
"Beurer Bluetooth Digital fingertip Pulse Oximeter, Blood Oxygen Saturation & Pulse Rate Monitor with Accessories, 1 Count",$51.46,4.4 out of 5 stars
"Facelake ?? FL400P Pulse Oximeter with Carrying Case, Batteries, Neck/Wrist Cord - Pink",$14.95,4.6 out of 5 stars
"LOOKEE LK50D1A Deluxe Fingertip Pulse Oximeter | Finger SpO2 Blood Oxygen Saturation Monitor with Auto Rotate OLED Display, Plethysmograph Waveform and Pulse Graph | Batteries and Lanyard Included",$26.99,4.7 out of 5 stars
"mibest OLED Finger Pulse Oximeter, O2 Meter, Dual Color White/Pink",$19.95,4.7 out of 5 stars
"Wellue Pulse Oximeter Fingertip| Bluetooth Blood Oxygen Saturation (SpO2) & Heart Rate Monitor| O2 Meter 20F , Batteries and Lanyard Included",$20.99,4.4 out of 5 stars
Concord Fingertip Pulse Oximeter with Lanyard,$19.95,4.7 out of 5 stars
"Finger Pulse Oximeter Fingertip, Portable Blood Oxygen Saturation Monitor for Heart Rate and SpO2 Level, Pulse Ox,Oximetro, O2 Monitor Finger for Oxygen,(Purple)",$34.99,4.6 out of 5 stars
"Concord Basics Black Fingertip Pulse Oximeter Blood Oxygen Saturation Monitor with Carrying Case, Batteries, Silicone Cover and Lanyard",$17.95,4.5 out of 5 stars
"Pulse oximeter fingertip with Plethysmograph and Perfusion Index, Portable Blood Oxygen Saturation Monitor for Heart Rate and SpO2 Level, O2 Monitor Finger for Oxygen,Pulse Ox,Oximetro,(Red-Orange)",$34.90,4.7 out of 5 stars
Tomorotec Fingertip Pulse Oximeter M170 Blood Oxygen Saturation Level (SpO2) and Pulse Rate (PR) Monitor with Batteries and Lanyard [Sports and Aviation Use Only] (Color: Black/Blue),$22.95,4.4 out of 5 stars
"Pulse Oximeter, Finger Pulse Oximeter with OLED Display, Pulse Oximeter Fingertip, Blood Oxygen Saturation Monitor Finger, Heart Rate Monitor for Adult Child",$8.99,3.9 out of 5 stars
"Microlife Fingertip Pulse Oximeter, Portable Home Blood Oxygen Saturation Monitor (SpO2) with Pulse Rate Measurements and Pulse Strength Bar Graph, Digital LED Display",$24.99,Previous page
JN Ox??metro de pulso para dedo ox??geno,$12.95,5.0 out of 5 stars
